C:\Users\brinson\Documents\Visual Studio 2013\msn\main71\code\marc\, mscan.c, rodsClient.h, #include "rodsClient.h"
C:\Users\brinson\Documents\Visual Studio 2013\msn\main71\code\marc\, mscan.c, parseCommandLine.h, #include "parseCommandLine.h"
C:\Users\brinson\Documents\Visual Studio 2013\msn\main71\code\marc\, mscan.c, rodsPath.h, #include "rodsPath.h"
C:\Users\brinson\Documents\Visual Studio 2013\msn\main71\code\marc\, mscan.c, scanUtil.h, #include "scanUtil.h" 
C:\Users\brinson\Documents\Visual Studio 2013\msn\main71\code\pds\iRODS\modules\PDS\microservices\src\, pdsMS.c, pdsMS.h, #include "pdsMS.h"
C:\Users\brinson\Documents\Visual Studio 2013\msn\main71\code\pds\iRODS\modules\PDS\microservices\src\, pdsMS.c, hdf5.h, #include "hdf5.h"
C:\Users\brinson\Documents\Visual Studio 2013\msn\main71\code\pds\iRODS\modules\PDS\microservices\src\, pdsMS.c, dataObjOpen.h, #include "dataObjOpen.h"
C:\Users\brinson\Documents\Visual Studio 2013\msn\main71\code\pds\iRODS\modules\PDS\microservices\src\, pdsMS.c, dataObjClose.h, #include "dataObjClose.h"
C:\Users\brinson\Documents\Visual Studio 2013\msn\main71\code\pds\iRODS\modules\PDS\microservices\src\, pdsMS.c, modAVUMetadata.h, #include "modAVUMetadata.h"
C:\Users\brinson\Documents\Visual Studio 2013\msn\main71\code\pds\iRODS\modules\PDS\microservices\src\, pdsMS.c, objMetaOpr.h, #include "objMetaOpr.h"
C:\Users\brinson\Documents\Visual Studio 2013\msn\main71\code\shared\hdf-gnss\, H5GNSSIttRxConfigType.c, string.h, #include <string.h>
C:\Users\brinson\Documents\Visual Studio 2013\msn\main71\code\shared\hdf-gnss\, H5GNSSIttRxConfigType.c, H5GNSSIttRxConfigType.h, #include "H5GNSSIttRxConfigType.h"
C:\Users\brinson\Documents\Visual Studio 2013\msn\main71\code\shared\hdf-gnss\, H5GNSSTimeType.c, H5GNSSTimeType.h, #include "H5GNSSTimeType.h"
C:\Users\brinson\Documents\Visual Studio 2013\msn\main71\code\211\, 211tx.cpp, SmoEpochData.hpp, #include "SmoEpochData.hpp"
C:\Users\brinson\Documents\Visual Studio 2013\msn\main71\code\211\, 211tx.cpp, Socket211.hpp, #include "Socket211.hpp"
C:\Users\brinson\Documents\Visual Studio 2013\msn\main71\code\211\, 211tx.cpp, Smooth211.hpp, #include "Smooth211.hpp"
C:\Users\brinson\Documents\Visual Studio 2013\msn\main71\code\211\, 211tx.cpp, Nav211.hpp, #include "Nav211.hpp"
C:\Users\brinson\Documents\Visual Studio 2013\msn\main71\code\211\, 211tx.cpp, Wx211.hpp, #include "Wx211.hpp"
C:\Users\brinson\Documents\Visual Studio 2013\msn\main71\code\211\, 211tx.cpp, Clock211.hpp, #include "Clock211.hpp"
C:\Users\brinson\Documents\Visual Studio 2013\msn\main71\code\211\, 211tx.cpp, default211Throttles.hpp, #include "default211Throttles.hpp"
C:\Users\brinson\Documents\Visual Studio 2013\msn\main71\code\211\, 211tx.cpp, MessagingFramework.hpp, #include "MessagingFramework.hpp"
C:\Users\brinson\Documents\Visual Studio 2013\msn\main71\code\211\, 211tx.cpp, DataTreeSubscription.hpp, #include "DataTreeSubscription.hpp"
C:\Users\brinson\Documents\Visual Studio 2013\msn\main71\code\211\, 211tx.cpp, DataSubscription.hpp, #include "DataSubscription.hpp"
C:\Users\brinson\Documents\Visual Studio 2013\msn\main71\code\211\, 211tx.cpp, DWService.hpp, #include "DWService.hpp"
C:\Users\brinson\Documents\Visual Studio 2013\msn\main71\code\211\, 211tx.cpp, CommandOptionWithInetAddressArg.hpp, #include "CommandOptionWithInetAddressArg.hpp"
C:\Users\brinson\Documents\Visual Studio 2013\msn\main71\code\211\, 211tx.cpp, misctools.hpp, #include "misctools.hpp"
C:\Users\brinson\Documents\Visual Studio 2013\msn\main71\code\211\, 211tx.cpp, ConfigFileService.hpp, #include "ConfigFileService.hpp"
C:\Users\brinson\Documents\Visual Studio 2013\msn\main71\code\211\, 211tx.cpp, EngEphData.hpp, #include "EngEphData.hpp"
C:\Users\brinson\Documents\Visual Studio 2013\msn\main71\code\211\, 211tx.cpp, FileFilterFrame.hpp, #include "FileFilterFrame.hpp"
C:\Users\brinson\Documents\Visual Studio 2013\msn\main71\code\211\, 211tx.cpp, FileSpec.hpp, #include "FileSpec.hpp"
C:\Users\brinson\Documents\Visual Studio 2013\msn\main71\code\211\, 211tx.cpp, MSCCalculator.hpp, #include "MSCCalculator.hpp"
C:\Users\brinson\Documents\Visual Studio 2013\msn\main71\code\211\, 211tx.cpp, MSCStream.hpp, #include "MSCStream.hpp"
C:\Users\brinson\Documents\Visual Studio 2013\msn\main71\code\211\, 211tx.cpp, WriterInfo.hpp, #include "WriterInfo.hpp"
C:\Users\brinson\Documents\Visual Studio 2013\msn\main71\code\211\, 6paktx.cpp, MSNEvent.hpp, #include "MSNEvent.hpp"
C:\Users\brinson\Documents\Visual Studio 2013\msn\main71\code\211\, 6paktx.cpp, Socket211.hpp, #include "Socket211.hpp"
C:\Users\brinson\Documents\Visual Studio 2013\msn\main71\code\211\, 6paktx.cpp, Obs211.hpp, #include "Obs211.hpp"
C:\Users\brinson\Documents\Visual Studio 2013\msn\main71\code\211\, 6paktx.cpp, MessagingFramework.hpp, #include "MessagingFramework.hpp"
C:\Users\brinson\Documents\Visual Studio 2013\msn\main71\code\211\, 6paktx.cpp, DataTreeSubscription.hpp, #include "DataTreeSubscription.hpp"
C:\Users\brinson\Documents\Visual Studio 2013\msn\main71\code\211\, 6paktx.cpp, DataSubscription.hpp, #include "DataSubscription.hpp"
C:\Users\brinson\Documents\Visual Studio 2013\msn\main71\code\211\, 6paktx.cpp, msInit.hpp, #include "msInit.hpp"
C:\Users\brinson\Documents\Visual Studio 2013\msn\main71\code\211\, 6paktx.cpp, PhaseMeasurement.hpp, #include "PhaseMeasurement.hpp"
C:\Users\brinson\Documents\Visual Studio 2013\msn\main71\code\211\, 6paktx.cpp, EngEphData.hpp, #include "EngEphData.hpp"
C:\Users\brinson\Documents\Visual Studio 2013\msn\main71\code\211\, 6paktx.cpp, CommandOptionWithInetAddressArg.hpp, #include "CommandOptionWithInetAddressArg.hpp"
C:\Users\brinson\Documents\Visual Studio 2013\msn\main71\code\211\, 6paktx.cpp, TCPUtils.hpp, #include "TCPUtils.hpp"
C:\Users\brinson\Documents\Visual Studio 2013\msn\main71\code\211\, 6paktx.cpp, TimeString.hpp, #include "TimeString.hpp"
C:\Users\brinson\Documents\Visual Studio 2013\msn\main71\code\211\, PhaseMeasurement.cpp, icd_200_constants.hpp, #include <icd_200_constants.hpp>
C:\Users\brinson\Documents\Visual Studio 2013\msn\main71\code\211\, PhaseMeasurement.cpp, PhaseMeasurement.hpp, #include "PhaseMeasurement.hpp"
C:\Users\brinson\Documents\Visual Studio 2013\msn\main71\code\beware\, emrxst.cpp, mqhelp.hpp, #include "mqhelp.hpp"
C:\Users\brinson\Documents\Visual Studio 2013\msn\main71\code\beware\, emrxst.cpp, EventMaker.hpp, #include "EventMaker.hpp"
C:\Users\brinson\Documents\Visual Studio 2013\msn\main71\code\beware\, emrxst.cpp, StringUtils.hpp, #include "StringUtils.hpp"
C:\Users\brinson\Documents\Visual Studio 2013\msn\main71\code\beware\, emrxst.cpp, Stats.hpp, #include "Stats.hpp"
C:\Users\brinson\Documents\Visual Studio 2013\msn\main71\code\beware\, emrxst.cpp, Logger.hpp, #include "Logger.hpp"
C:\Users\brinson\Documents\Visual Studio 2013\msn\main71\code\beware\, emrxst.cpp, ConfigFileService.hpp, #include "ConfigFileService.hpp"
C:\Users\brinson\Documents\Visual Studio 2013\msn\main71\code\beware\, emrxst.cpp, ConfigVar.hpp, #include "ConfigVar.hpp"
C:\Users\brinson\Documents\Visual Studio 2013\msn\main71\code\beware\, emrxst.cpp, utility, #include <utility>
C:\Users\brinson\Documents\Visual Studio 2013\msn\main71\code\beware\, emrxst.cpp, UnixTime.hpp, #include "UnixTime.hpp"
C:\Users\brinson\Documents\Visual Studio 2013\msn\main71\code\beware\, provui.cpp, ClockChunk.hpp, #include "ClockChunk.hpp"
C:\Users\brinson\Documents\Visual Studio 2013\msn\main71\code\beware\, provui.cpp, ClockData.hpp, #include "ClockData.hpp"
C:\Users\brinson\Documents\Visual Studio 2013\msn\main71\code\beware\, provui.cpp, ClockRanges.hpp, #include "ClockRanges.hpp"
C:\Users\brinson\Documents\Visual Studio 2013\msn\main71\code\beware\, provui.cpp, Data.hpp, #include "Data.hpp"
C:\Users\brinson\Documents\Visual Studio 2013\msn\main71\code\beware\, provui.cpp, MessagingFramework.hpp, #include "MessagingFramework.hpp"
C:\Users\brinson\Documents\Visual Studio 2013\msn\main71\code\beware\, provui.cpp, EpochData.hpp, #include "EpochData.hpp"
C:\Users\brinson\Documents\Visual Studio 2013\msn\main71\code\beware\, provui.cpp, FacilityStatusChunk.hpp, #include "FacilityStatusChunk.hpp"
C:\Users\brinson\Documents\Visual Studio 2013\msn\main71\code\beware\, provui.cpp, FormMSN.hpp, #include "FormMSN.hpp"
C:\Users\brinson\Documents\Visual Studio 2013\msn\main71\code\beware\, provui.cpp, ITTStatusChunk.hpp, #include "ITTStatusChunk.hpp"
C:\Users\brinson\Documents\Visual Studio 2013\msn\main71\code\beware\, provui.cpp, ITTStatusData.hpp, #include "ITTStatusData.hpp"
C:\Users\brinson\Documents\Visual Studio 2013\msn\main71\code\beware\, provui.cpp, MSNEvent.hpp, #include "MSNEvent.hpp"
C:\Users\brinson\Documents\Visual Studio 2013\msn\main71\code\beware\, provui.cpp, OffsetService.hpp, #include "OffsetService.hpp"
C:\Users\brinson\Documents\Visual Studio 2013\msn\main71\code\beware\, provui.cpp, FacilityData.hpp, #include "FacilityData.hpp"
C:\Users\brinson\Documents\Visual Studio 2013\msn\main71\code\beware\, provui.cpp, PowerChunk.hpp, #include "PowerChunk.hpp"
C:\Users\brinson\Documents\Visual Studio 2013\msn\main71\code\beware\, provui.cpp, SoftwareStartChunk.hpp, #include "SoftwareStartChunk.hpp"
C:\Users\brinson\Documents\Visual Studio 2013\msn\main71\code\beware\, provui.cpp, TrackChunk.hpp, #include "TrackChunk.hpp"
C:\Users\brinson\Documents\Visual Studio 2013\msn\main71\code\beware\, provui.cpp, WeatherChunk.hpp, #include "WeatherChunk.hpp"
C:\Users\brinson\Documents\Visual Studio 2013\msn\main71\code\beware\, provui.cpp, WeatherData.hpp, #include "WeatherData.hpp"
C:\Users\brinson\Documents\Visual Studio 2013\msn\main71\code\beware\, UIEvent.cpp, ConfigFileService.hpp, #include "ConfigFileService.hpp"
C:\Users\brinson\Documents\Visual Studio 2013\msn\main71\code\beware\, UIEvent.cpp, ConfigVar.hpp, #include "ConfigVar.hpp"
C:\Users\brinson\Documents\Visual Studio 2013\msn\main71\code\beware\, UIEvent.cpp, FormMSN.hpp, #include "FormMSN.hpp"
C:\Users\brinson\Documents\Visual Studio 2013\msn\main71\code\beware\, UIEvent.cpp, UIEvent.hpp, #include "UIEvent.hpp"
C:\Users\brinson\Documents\Visual Studio 2013\msn\main71\code\beware\, uievnt.cpp, UIEvent.hpp, #include "UIEvent.hpp"
C:\Users\brinson\Documents\Visual Studio 2013\msn\main71\code\beware\, uievnt.cpp, Logger.hpp, #include "Logger.hpp"
C:\Users\brinson\Documents\Visual Studio 2013\msn\main71\code\cesium\, cesium.cpp, Cesium.hpp, #include "Cesium.hpp"
C:\Users\brinson\Documents\Visual Studio 2013\msn\main71\code\configservices\, cvpd.cpp, Logger.hpp, #include "Logger.hpp"
C:\Users\brinson\Documents\Visual Studio 2013\msn\main71\code\configservices\, cvpd.cpp, CVPD.hpp, #include "CVPD.hpp"
C:\Users\brinson\Documents\Visual Studio 2013\msn\main71\code\configservices\, cvpsc.cpp, stdlib.h, #include <stdlib.h>
C:\Users\brinson\Documents\Visual Studio 2013\msn\main71\code\configservices\, cvpsc.cpp, iostream, #include <iostream>
C:\Users\brinson\Documents\Visual Studio 2013\msn\main71\code\configservices\, cvpsc.cpp, string, #include <string>
C:\Users\brinson\Documents\Visual Studio 2013\msn\main71\code\configservices\, cvpsc.cpp, fstream, #include <fstream>
C:\Users\brinson\Documents\Visual Studio 2013\msn\main71\code\configservices\, cvpsc.cpp, map, #include <map>
C:\Users\brinson\Documents\Visual Studio 2013\msn\main71\code\configservices\, cvpsc.cpp, Exception.hpp, #include <Exception.hpp>
C:\Users\brinson\Documents\Visual Studio 2013\msn\main71\code\configservices\, cvpsc.cpp, StringUtils.hpp, #include <StringUtils.hpp>
C:\Users\brinson\Documents\Visual Studio 2013\msn\main71\code\configservices\test\, cvpdtest.cpp, ConfigService.hpp, #include "ConfigService.hpp"
C:\Users\brinson\Documents\Visual Studio 2013\msn\main71\code\configservices\test\, cvpdtest.cpp, ConfigVar.hpp, #include "ConfigVar.hpp"
C:\Users\brinson\Documents\Visual Studio 2013\msn\main71\code\configservices\test\, cvtest.cpp, ConfigVar.hpp, #include "ConfigVar.hpp"
C:\Users\brinson\Documents\Visual Studio 2013\msn\main71\code\gfw\, cew.cpp, DTCEGFW.hpp, #include "DTCEGFW.hpp"
C:\Users\brinson\Documents\Visual Studio 2013\msn\main71\code\gfw\, cew.cpp, GFWFrame.hpp, #include "GFWFrame.hpp"
C:\Users\brinson\Documents\Visual Studio 2013\msn\main71\code\gfw\, cew.cpp, DataTreeSubscription.hpp, #include "DataTreeSubscription.hpp"
C:\Users\brinson\Documents\Visual Studio 2013\msn\main71\code\gfw\, ficw.cpp, DTFICGFW.hpp, #include "DTFICGFW.hpp"
C:\Users\brinson\Documents\Visual Studio 2013\msn\main71\code\gfw\, ficw.cpp, GFWFrame.hpp, #include "GFWFrame.hpp"
C:\Users\brinson\Documents\Visual Studio 2013\msn\main71\code\gfw\, ficw.cpp, DataTreeSubscription.hpp, #include "DataTreeSubscription.hpp"
C:\Users\brinson\Documents\Visual Studio 2013\msn\main71\code\gfw\, gfw.cpp, string, #include <string>
C:\Users\brinson\Documents\Visual Studio 2013\msn\main71\code\gfw\, gfw.cpp, GFW.hpp, #include "GFW.hpp"
C:\Users\brinson\Documents\Visual Studio 2013\msn\main71\code\gfw\, ncw.cpp, NavCorGFW.hpp, #include "NavCorGFW.hpp"
C:\Users\brinson\Documents\Visual Studio 2013\msn\main71\code\gfw\, ncw.cpp, GFWFrame.hpp, #include "GFWFrame.hpp"
C:\Users\brinson\Documents\Visual Studio 2013\msn\main71\code\gfw\, ncw.cpp, DataTreeSubscription.hpp, #include "DataTreeSubscription.hpp"
C:\Users\brinson\Documents\Visual Studio 2013\msn\main71\code\gfw\, rmw.cpp, Geodetic.hpp, #include <Geodetic.hpp>
C:\Users\brinson\Documents\Visual Studio 2013\msn\main71\code\gfw\, rmw.cpp, WGS84Geoid.hpp, #include <WGS84Geoid.hpp>
C:\Users\brinson\Documents\Visual Studio 2013\msn\main71\code\gfw\, rmw.cpp, FileFilterFrame.hpp, #include <FileFilterFrame.hpp>
C:\Users\brinson\Documents\Visual Studio 2013\msn\main71\code\gfw\, rmw.cpp, DTRinexMetGFW.hpp, #include "DTRinexMetGFW.hpp"
C:\Users\brinson\Documents\Visual Studio 2013\msn\main71\code\gfw\, rmw.cpp, GFWFrame.hpp, #include "GFWFrame.hpp"
C:\Users\brinson\Documents\Visual Studio 2013\msn\main71\code\gfw\, rmw.cpp, DataTreeSubscription.hpp, #include "DataTreeSubscription.hpp"
C:\Users\brinson\Documents\Visual Studio 2013\msn\main71\code\gfw\, rmw.cpp, DWService.hpp, #include "DWService.hpp"
C:\Users\brinson\Documents\Visual Studio 2013\msn\main71\code\gfw\, rmw.cpp, MSCCalculator.hpp, #include "MSCCalculator.hpp"
C:\Users\brinson\Documents\Visual Studio 2013\msn\main71\code\gfw\, rmw.cpp, MSCStream.hpp, #include "MSCStream.hpp"
C:\Users\brinson\Documents\Visual Studio 2013\msn\main71\code\gfw\, rmw.cpp, MSCData.hpp, #include "MSCData.hpp"
C:\Users\brinson\Documents\Visual Studio 2013\msn\main71\code\gfw\, rmw.cpp, MSNFileSpec.hpp, #include "MSNFileSpec.hpp"
C:\Users\brinson\Documents\Visual Studio 2013\msn\main71\code\gfw\, rmw.cpp, WriterInfo.hpp, #include "WriterInfo.hpp"
C:\Users\brinson\Documents\Visual Studio 2013\msn\main71\code\gpstk\time\, timcvt.cpp, BasicFramework.hpp, #include "BasicFramework.hpp"
C:\Users\brinson\Documents\Visual Studio 2013\msn\main71\code\gpstk\time\, timcvt.cpp, TimeString.hpp, #include "TimeString.hpp"
C:\Users\brinson\Documents\Visual Studio 2013\msn\main71\code\gpstk\time\, timcvt.cpp, TimeConstants.hpp, #include "TimeConstants.hpp"
C:\Users\brinson\Documents\Visual Studio 2013\msn\main71\code\gpstk\time\, timcvt.cpp, ANSITime.hpp, #include "ANSITime.hpp"
C:\Users\brinson\Documents\Visual Studio 2013\msn\main71\code\gpstk\time\, timcvt.cpp, CivilTime.hpp, #include "CivilTime.hpp"
C:\Users\brinson\Documents\Visual Studio 2013\msn\main71\code\gpstk\time\, timcvt.cpp, GPSWeekSecond.hpp, #include "GPSWeekSecond.hpp"
C:\Users\brinson\Documents\Visual Studio 2013\msn\main71\code\gpstk\time\, timcvt.cpp, GPSWeekZcount.hpp, #include "GPSWeekZcount.hpp"
C:\Users\brinson\Documents\Visual Studio 2013\msn\main71\code\gpstk\time\, timcvt.cpp, JulianDate.hpp, #include "JulianDate.hpp"
C:\Users\brinson\Documents\Visual Studio 2013\msn\main71\code\gpstk\time\, timcvt.cpp, MJD.hpp, #include "MJD.hpp"
C:\Users\brinson\Documents\Visual Studio 2013\msn\main71\code\gpstk\time\, timcvt.cpp, UnixTime.hpp, #include "UnixTime.hpp"
C:\Users\brinson\Documents\Visual Studio 2013\msn\main71\code\gpstk\time\, timcvt.cpp, YDSTime.hpp, #include "YDSTime.hpp"
C:\Users\brinson\Documents\Visual Studio 2013\msn\main71\code\gpstk\time\, timcvt.cpp, SystemTime.hpp, #include "SystemTime.hpp"
C:\Users\brinson\Documents\Visual Studio 2013\msn\main71\code\gpstk\time\, timcvt.cpp, CommandOptionWithCommonTimeArg.hpp, #include "CommandOptionWithCommonTimeArg.hpp"
C:\Users\brinson\Documents\Visual Studio 2013\msn\main71\code\gpstk\time\, timdiff.cpp, BasicFramework.hpp, #include <BasicFramework.hpp>
C:\Users\brinson\Documents\Visual Studio 2013\msn\main71\code\gpstk\time\, timdiff.cpp, CommonTime.hpp, #include <CommonTime.hpp>
C:\Users\brinson\Documents\Visual Studio 2013\msn\main71\code\gpstk\time\, timdiff.cpp, CommandOptionWithCommonTimeArg.hpp, #include <CommandOptionWithCommonTimeArg.hpp>
C:\Users\brinson\Documents\Visual Studio 2013\msn\main71\code\marc\, MSNArchiveWriterBase.cpp, MSNArchiveWriterBase.hpp, #include "MSNArchiveWriterBase.hpp"
C:\Users\brinson\Documents\Visual Studio 2013\msn\main71\code\marc\, MSNArchiveWriterBase.cpp, HGutils.hpp, #include "HGutils.hpp"
C:\Users\brinson\Documents\Visual Studio 2013\msn\main71\code\marc\, MSNArchiveWriterBase.cpp, H5GNSSfuncs.h, #include "H5GNSSfuncs.h"
C:\Users\brinson\Documents\Visual Studio 2013\msn\main71\code\marc\, MSNArchiveWriterBase.cpp, ArchUtils.hpp, #include "ArchUtils.hpp"
C:\Users\brinson\Documents\Visual Studio 2013\msn\main71\code\mqpubsub\, spewer.cpp, MSNEvent.hpp, #include "MSNEvent.hpp"
C:\Users\brinson\Documents\Visual Studio 2013\msn\main71\code\mqpubsub\, spewer.cpp, MessagingFramework.hpp, #include "MessagingFramework.hpp"
C:\Users\brinson\Documents\Visual Studio 2013\msn\main71\code\mqpubsub\, spewer.cpp, DataSubscription.hpp, #include "DataSubscription.hpp"
C:\Users\brinson\Documents\Visual Studio 2013\msn\main71\code\mqpubsub\, spewer.cpp, ClockData.hpp, #include "ClockData.hpp"
C:\Users\brinson\Documents\Visual Studio 2013\msn\main71\code\mqpubsub\, spewer.cpp, SystemTime.hpp, #include "SystemTime.hpp"
C:\Users\brinson\Documents\Visual Studio 2013\msn\main71\code\prepocha\, MDPSmootherFrame.cpp, MDPSmootherFrame.hpp, #include "MDPSmootherFrame.hpp"
C:\Users\brinson\Documents\Visual Studio 2013\msn\main71\code\prepocha\, MDPSmootherFrame.cpp, vector, #include <vector>
C:\Users\brinson\Documents\Visual Studio 2013\msn\main71\code\prepocha\, MDPSubscriber.cpp, MDPSubscriber.hpp, #include "MDPSubscriber.hpp"
C:\Users\brinson\Documents\Visual Studio 2013\msn\main71\code\prepocha\, MDPSubscriber.cpp, Exception.hpp, #include "Exception.hpp"
C:\Users\brinson\Documents\Visual Studio 2013\msn\main71\code\prepocha\, MDPSubscriber.cpp, InetAddress.hpp, #include "InetAddress.hpp"
C:\Users\brinson\Documents\Visual Studio 2013\msn\main71\code\prepocha\, MDPSubscriber.cpp, NCNavSFEpoch.hpp, #include "NCNavSFEpoch.hpp"
C:\Users\brinson\Documents\Visual Studio 2013\msn\main71\code\prepocha\, MDPSubscriber.cpp, Data.hpp, #include "Data.hpp"
C:\Users\brinson\Documents\Visual Studio 2013\msn\main71\code\prepocha\, MDPSubscriber.cpp, NavSFEpoch.hpp, #include "NavSFEpoch.hpp"
C:\Users\brinson\Documents\Visual Studio 2013\msn\main71\code\prepocha\, MDPSubscriber.cpp, NavSF.hpp, #include "NavSF.hpp"
C:\Users\brinson\Documents\Visual Studio 2013\msn\main71\code\prepocha\, MDPSubscriber.cpp, EngNav.hpp, #include "EngNav.hpp"
C:\Users\brinson\Documents\Visual Studio 2013\msn\main71\code\prepocha\, MDPSubscriber.cpp, MDPStnObservationEpoch.hpp, #include "MDPStnObservationEpoch.hpp"
C:\Users\brinson\Documents\Visual Studio 2013\msn\main71\code\prepocha\, MDPSubscriber.cpp, MDPGPSEphemeris.hpp, #include "MDPGPSEphemeris.hpp"
C:\Users\brinson\Documents\Visual Studio 2013\msn\main71\code\prepocha\, MDPSubscriber.cpp, BinUtils.hpp, #include "BinUtils.hpp"
C:\Users\brinson\Documents\Visual Studio 2013\msn\main71\code\prepocha\, MDPSubscriber.cpp, icd_200_constants.hpp, #include "icd_200_constants.hpp"
C:\Users\brinson\Documents\Visual Studio 2013\msn\main71\code\prepocha\, MDPSubscriber.cpp, EngEphData.hpp, #include "EngEphData.hpp"
C:\Users\brinson\Documents\Visual Studio 2013\msn\main71\code\prepocha\, MDPSubscriber.cpp, MDPRxClkOffset.hpp, #include "MDPRxClkOffset.hpp"
C:\Users\brinson\Documents\Visual Studio 2013\msn\main71\code\prepocha\, MDPSubscriber.cpp, mqhelp.hpp, #include "mqhelp.hpp"
C:\Users\brinson\Documents\Visual Studio 2013\msn\main71\code\prepocha\, MDPSubscriber.cpp, map, #include <map>
C:\Users\brinson\Documents\Visual Studio 2013\msn\main71\code\prepocha\, MDPSubscriber.cpp, set, #include <set>
C:\Users\brinson\Documents\Visual Studio 2013\msn\main71\code\prepocha\, MDPSubscriber.cpp, vector, #include <vector>
C:\Users\brinson\Documents\Visual Studio 2013\msn\main71\code\prepocha\, MDPSubscriber.cpp, poll.h, #include <poll.h>
C:\Users\brinson\Documents\Visual Studio 2013\msn\main71\code\prepocha\, MDPSubscriber.cpp, stropts.h, #include <stropts.h>
C:\Users\brinson\Documents\Visual Studio 2013\msn\main71\code\prepocha\, MDPSubscriber.cpp, math.h, #include <math.h>
C:\Users\brinson\Documents\Visual Studio 2013\msn\main71\code\prepocha\, NavcastHelper.cpp, NavcastHelper.hpp, #include "NavcastHelper.hpp"
C:\Users\brinson\Documents\Visual Studio 2013\msn\main71\code\prepocha\, NavcastHelper.cpp, NCNavSFEpoch.hpp, #include "NCNavSFEpoch.hpp"
C:\Users\brinson\Documents\Visual Studio 2013\msn\main71\code\prepocha\, NavcastHelper.cpp, Exception.hpp, #include "Exception.hpp"
C:\Users\brinson\Documents\Visual Studio 2013\msn\main71\code\prepocha\, NavcastHelper.cpp, NavSubframe.hpp, #include "NavSubframe.hpp"
C:\Users\brinson\Documents\Visual Studio 2013\msn\main71\code\prepocha\, testAlmHealthLoader.cpp, Logger.hpp, #include "Logger.hpp"
C:\Users\brinson\Documents\Visual Studio 2013\msn\main71\code\prepocha\, testAlmHealthLoader.cpp, AlmHealthLoader.hpp, #include "AlmHealthLoader.hpp"
C:\Users\brinson\Documents\Visual Studio 2013\msn\main71\code\prepocha\, testAlmHealthLoader.cpp, SystemTime.hpp, #include "SystemTime.hpp"
C:\Users\brinson\Documents\Visual Studio 2013\msn\main71\code\prepocha\, testEphLoader.cpp, Converter.hpp, #include "Converter.hpp"
C:\Users\brinson\Documents\Visual Studio 2013\msn\main71\code\prepocha\, testEphLoader.cpp, SystemTime.hpp, #include "SystemTime.hpp"
C:\Users\brinson\Documents\Visual Studio 2013\msn\main71\code\prepocha\, testIODM.cpp, Converter.hpp, #include "Converter.hpp"
C:\Users\brinson\Documents\Visual Studio 2013\msn\main71\code\prepocha\, testIODM.cpp, MJD.hpp, #include "MJD.hpp"
C:\Users\brinson\Documents\Visual Studio 2013\msn\main71\code\prepocha\, testIODM.cpp, SystemTime.hpp, #include "SystemTime.hpp"
C:\Users\brinson\Documents\Visual Studio 2013\msn\main71\code\prepocha\, testIODR.cpp, Converter.hpp, #include "Converter.hpp"
C:\Users\brinson\Documents\Visual Studio 2013\msn\main71\code\prepocha\, testIODR.cpp, SystemTime.hpp, #include "SystemTime.hpp"
C:\Users\brinson\Documents\Visual Studio 2013\msn\main71\code\prepocha\, testIODR.cpp, MJD.hpp, #include "MJD.hpp"
C:\Users\brinson\Documents\Visual Studio 2013\msn\main71\code\prepocha\, testIODS.cpp, Converter.hpp, #include "Converter.hpp"
C:\Users\brinson\Documents\Visual Studio 2013\msn\main71\code\prepocha\, testIODS.cpp, SystemTime.hpp, #include "SystemTime.hpp"
C:\Users\brinson\Documents\Visual Studio 2013\msn\main71\code\prepocha\, testIODS.cpp, MJD.hpp, #include "MJD.hpp"
C:\Users\brinson\Documents\Visual Studio 2013\msn\main71\code\prepocha\, testIODW.cpp, Converter.hpp, #include "Converter.hpp"
C:\Users\brinson\Documents\Visual Studio 2013\msn\main71\code\prepocha\, testIODW.cpp, SystemTime.hpp, #include "SystemTime.hpp"
C:\Users\brinson\Documents\Visual Studio 2013\msn\main71\code\prepocha\, testIODW.cpp, MJD.hpp, #include "MJD.hpp"
C:\Users\brinson\Documents\Visual Studio 2013\msn\main71\code\prepocha\test\, NavcastHelperTester.cpp, cstdlib, #include <cstdlib>
C:\Users\brinson\Documents\Visual Studio 2013\msn\main71\code\prepocha\test\, NavcastHelperTester.cpp, NavcastHelper.hpp, #include "NavcastHelper.hpp"
C:\Users\brinson\Documents\Visual Studio 2013\msn\main71\code\prepocha\test\, NavcastHelperTester.cpp, BCEphemerisStore.hpp, #include "BCEphemerisStore.hpp"
C:\Users\brinson\Documents\Visual Studio 2013\msn\main71\code\prepocha\test\, NavcastHelperTester.cpp, CommonTime.hpp, #include "CommonTime.hpp"
C:\Users\brinson\Documents\Visual Studio 2013\msn\main71\code\prepocha\test\, NavcastHelperTester.cpp, SystemTime.hpp, #include "SystemTime.hpp"
C:\Users\brinson\Documents\Visual Studio 2013\msn\main71\code\prepocha\test\, NavcastHelperTester.cpp, unistd.h, #include <unistd.h>
C:\Users\brinson\Documents\Visual Studio 2013\msn\main71\code\qatools\, adept.cpp, sys/types.h, #include <sys/types.h>
C:\Users\brinson\Documents\Visual Studio 2013\msn\main71\code\qatools\, adept.cpp, sys/stat.h, #include <sys/stat.h>
C:\Users\brinson\Documents\Visual Studio 2013\msn\main71\code\qatools\, adept.cpp, list, #include <list>
C:\Users\brinson\Documents\Visual Studio 2013\msn\main71\code\qatools\, adept.cpp, map, #include <map>
C:\Users\brinson\Documents\Visual Studio 2013\msn\main71\code\qatools\, adept.cpp, vector, #include <vector>
C:\Users\brinson\Documents\Visual Studio 2013\msn\main71\code\qatools\, adept.cpp, ArchTypeCvt.hpp, #include "ArchTypeCvt.hpp"
C:\Users\brinson\Documents\Visual Studio 2013\msn\main71\code\qatools\, adept.cpp, BCEphemerisStore.hpp, #include "BCEphemerisStore.hpp"
C:\Users\brinson\Documents\Visual Studio 2013\msn\main71\code\qatools\, adept.cpp, CommandOptionWithCommonTimeArg.hpp, #include "CommandOptionWithCommonTimeArg.hpp"
C:\Users\brinson\Documents\Visual Studio 2013\msn\main71\code\qatools\, adept.cpp, DataTreeGFWInfo.hpp, #include "DataTreeGFWInfo.hpp"
C:\Users\brinson\Documents\Visual Studio 2013\msn\main71\code\qatools\, adept.cpp, EngEphemeris.hpp, #include "EngEphemeris.hpp"
C:\Users\brinson\Documents\Visual Studio 2013\msn\main71\code\qatools\, adept.cpp, ECEF.hpp, #include "ECEF.hpp"
C:\Users\brinson\Documents\Visual Studio 2013\msn\main71\code\qatools\, adept.cpp, Exception.hpp, #include "Exception.hpp"
C:\Users\brinson\Documents\Visual Studio 2013\msn\main71\code\qatools\, adept.cpp, FileSpec.hpp, #include "FileSpec.hpp"
C:\Users\brinson\Documents\Visual Studio 2013\msn\main71\code\qatools\, adept.cpp, H5GNSScommontypes.h, #include "H5GNSScommontypes.h"
C:\Users\brinson\Documents\Visual Studio 2013\msn\main71\code\qatools\, adept.cpp, H5GNSSfuncs.h, #include "H5GNSSfuncs.h"
C:\Users\brinson\Documents\Visual Studio 2013\msn\main71\code\qatools\, adept.cpp, HGCatalog.hpp, #include "HGCatalog.hpp"
C:\Users\brinson\Documents\Visual Studio 2013\msn\main71\code\qatools\, adept.cpp, HGConfigMgmt.hpp, #include "HGConfigMgmt.hpp"
C:\Users\brinson\Documents\Visual Studio 2013\msn\main71\code\qatools\, adept.cpp, HGDimensionScale.hpp, #include "HGDimensionScale.hpp"
C:\Users\brinson\Documents\Visual Studio 2013\msn\main71\code\qatools\, adept.cpp, HGTypeCvt.hpp, #include "HGTypeCvt.hpp"
C:\Users\brinson\Documents\Visual Studio 2013\msn\main71\code\qatools\, adept.cpp, HGutils.hpp, #include "HGutils.hpp"
C:\Users\brinson\Documents\Visual Studio 2013\msn\main71\code\qatools\, adept.cpp, MPXMap.hpp, #include "MPXMap.hpp"
C:\Users\brinson\Documents\Visual Studio 2013\msn\main71\code\qatools\, adept.cpp, MSNBasicFramework.hpp, #include "MSNBasicFramework.hpp"
C:\Users\brinson\Documents\Visual Studio 2013\msn\main71\code\qatools\, adept.cpp, MSNFileSpec.hpp, #include "MSNFileSpec.hpp"
C:\Users\brinson\Documents\Visual Studio 2013\msn\main71\code\qatools\, adept.cpp, ObstructionMask.hpp, #include "ObstructionMask.hpp"
C:\Users\brinson\Documents\Visual Studio 2013\msn\main71\code\qatools\, adept.cpp, ObstructionUpdate.hpp, #include "ObstructionUpdate.hpp"
C:\Users\brinson\Documents\Visual Studio 2013\msn\main71\code\qatools\, adept.cpp, Padme.hpp, #include "Padme.hpp"
C:\Users\brinson\Documents\Visual Studio 2013\msn\main71\code\qatools\, adept.cpp, RiseSetGenerator.hpp, #include "RiseSetGenerator.hpp"
C:\Users\brinson\Documents\Visual Studio 2013\msn\main71\code\qatools\, adept.cpp, RiseSetIO.hpp, #include "RiseSetIO.hpp"
C:\Users\brinson\Documents\Visual Studio 2013\msn\main71\code\qatools\, adept.cpp, QADataMap.hpp, #include "QADataMap.hpp"
C:\Users\brinson\Documents\Visual Studio 2013\msn\main71\code\qatools\, adept.cpp, QAFileDataSVOUpdate.hpp, #include "QAFileDataSVOUpdate.hpp"
C:\Users\brinson\Documents\Visual Studio 2013\msn\main71\code\qatools\, adept.cpp, QAFileDataMPXUpdate.hpp, #include "QAFileDataMPXUpdate.hpp"
C:\Users\brinson\Documents\Visual Studio 2013\msn\main71\code\qatools\, adept.cpp, SignalBlocker.hpp, #include "SignalBlocker.hpp"
C:\Users\brinson\Documents\Visual Studio 2013\msn\main71\code\qatools\, adept.cpp, SmoothObsAlgo.hpp, #include "SmoothObsAlgo.hpp"
C:\Users\brinson\Documents\Visual Studio 2013\msn\main71\code\qatools\, adept.cpp, Statistics.hpp, #include "Statistics.hpp"
C:\Users\brinson\Documents\Visual Studio 2013\msn\main71\code\qatools\, adept.cpp, StringUtils.hpp, #include "StringUtils.hpp"
C:\Users\brinson\Documents\Visual Studio 2013\msn\main71\code\qatools\, adept.cpp, SVOMap.hpp, #include "SVOMap.hpp"
C:\Users\brinson\Documents\Visual Studio 2013\msn\main71\code\qatools\, adept.cpp, Undertaker.hpp, #include "Undertaker.hpp"
C:\Users\brinson\Documents\Visual Studio 2013\msn\main71\code\qatools\, adept.cpp, WriterInfo.hpp, #include "WriterInfo.hpp"
C:\Users\brinson\Documents\Visual Studio 2013\msn\main71\code\rtext\test\, bitShiftTest.cpp, iostream, #include <iostream>
C:\Users\brinson\Documents\Visual Studio 2013\msn\main71\code\rtext\test\, bitShiftTest.cpp, iomanip, #include <iomanip>
C:\Users\brinson\Documents\Visual Studio 2013\msn\main71\code\rtext\test\, bitShiftTest.cpp, stdint.h, #include <stdint.h>
C:\Users\brinson\Documents\Visual Studio 2013\msn\main71\code\rtext\test\, crc24q.cpp, sys/types.h, #include <sys/types.h>
C:\Users\brinson\Documents\Visual Studio 2013\msn\main71\code\rtext\test\, crc24q.cpp, time.h, #include <time.h>
C:\Users\brinson\Documents\Visual Studio 2013\msn\main71\code\rtext\test\, crc24q.cpp, iostream, #include <iostream>
C:\Users\brinson\Documents\Visual Studio 2013\msn\main71\code\rtext\test\, crc24q.cpp, BinUtils.hpp, #include <BinUtils.hpp>
C:\Users\brinson\Documents\Visual Studio 2013\msn\main71\code\rtext\test\, crc24q.cpp, StringUtils.hpp, #include <StringUtils.hpp>
C:\Users\brinson\Documents\Visual Studio 2013\msn\main71\code\rtext\test\, decode1004Test.cpp, iostream, #include <iostream>
C:\Users\brinson\Documents\Visual Studio 2013\msn\main71\code\rtext\test\, decode1004Test.cpp, Exception.hpp, #include <Exception.hpp>
C:\Users\brinson\Documents\Visual Studio 2013\msn\main71\code\rtext\test\, decode1004Test.cpp, BinUtils.hpp, #include <BinUtils.hpp>
C:\Users\brinson\Documents\Visual Studio 2013\msn\main71\code\rtext\test\, decodeBitsTest.cpp, iostream, #include <iostream>
C:\Users\brinson\Documents\Visual Studio 2013\msn\main71\code\rtext\test\, decodeBitsTest.cpp, Exception.hpp, #include <Exception.hpp>
C:\Users\brinson\Documents\Visual Studio 2013\msn\main71\code\rtext\test\, decodeBitsTest.cpp, BinUtils.hpp, #include <BinUtils.hpp>
C:\Users\brinson\Documents\Visual Studio 2013\msn\main71\code\rtext\test\, decodeMDPTest.cpp, iostream, #include <iostream>
C:\Users\brinson\Documents\Visual Studio 2013\msn\main71\code\rtext\test\, decodeMDPTest.cpp, MDPStnObservationEpoch.hpp, #include "MDPStnObservationEpoch.hpp"
C:\Users\brinson\Documents\Visual Studio 2013\msn\main71\code\shared\gpstk\test\, EphComp.cpp, iostream, #include <iostream>
C:\Users\brinson\Documents\Visual Studio 2013\msn\main71\code\shared\gpstk\test\, EphComp.cpp, iomanip, #include <iomanip>
C:\Users\brinson\Documents\Visual Studio 2013\msn\main71\code\shared\gpstk\test\, EphComp.cpp, string, #include <string>
C:\Users\brinson\Documents\Visual Studio 2013\msn\main71\code\shared\gpstk\test\, EphComp.cpp, map, #include <map>
C:\Users\brinson\Documents\Visual Studio 2013\msn\main71\code\shared\gpstk\test\, EphComp.cpp, CommonTime.hpp, #include "CommonTime.hpp"
C:\Users\brinson\Documents\Visual Studio 2013\msn\main71\code\shared\gpstk\test\, EphComp.cpp, RinexEphemerisStore.hpp, #include "RinexEphemerisStore.hpp"
C:\Users\brinson\Documents\Visual Studio 2013\msn\main71\code\shared\gpstk\test\, EphComp.cpp, SP3EphemerisStore.hpp, #include "SP3EphemerisStore.hpp"
C:\Users\brinson\Documents\Visual Studio 2013\msn\main71\code\shared\gpstk\test\, EphComp.cpp, CommandOption.hpp, #include "CommandOption.hpp"
C:\Users\brinson\Documents\Visual Studio 2013\msn\main71\code\shared\gpstk\test\, EphComp.cpp, CommandOptionParser.hpp, #include "CommandOptionParser.hpp"
C:\Users\brinson\Documents\Visual Studio 2013\msn\main71\code\shared\gpstk\test\, MatrixTest.cpp, Vector.hpp, #include "Vector.hpp"
C:\Users\brinson\Documents\Visual Studio 2013\msn\main71\code\shared\gpstk\test\, MatrixTest.cpp, Matrix.hpp, #include "Matrix.hpp"
C:\Users\brinson\Documents\Visual Studio 2013\msn\main71\code\shared\gpstk\test\, MatrixTest.cpp, PolyFit.hpp, #include "PolyFit.hpp"
C:\Users\brinson\Documents\Visual Studio 2013\msn\main71\code\shared\gpstk\test\, MatrixTest.cpp, Stats.hpp, #include "Stats.hpp"
C:\Users\brinson\Documents\Visual Studio 2013\msn\main71\code\shared\gpstk\test\, MatrixTest.cpp, iostream, #include <iostream>
C:\Users\brinson\Documents\Visual Studio 2013\msn\main71\code\shared\gpstk\test\, MatrixTest.cpp, iomanip, #include <iomanip>
C:\Users\brinson\Documents\Visual Studio 2013\msn\main71\code\shared\gpstk\test\, MatrixTest.cpp, fstream, #include <fstream>   // for copyfmt
C:\Users\brinson\Documents\Visual Studio 2013\msn\main71\code\shared\gpstk\test\, petest.cpp, iostream, #include <iostream>
C:\Users\brinson\Documents\Visual Studio 2013\msn\main71\code\shared\gpstk\test\, petest.cpp, iomanip, #include <iomanip>
C:\Users\brinson\Documents\Visual Studio 2013\msn\main71\code\shared\gpstk\test\, petest.cpp, string, #include <string>
C:\Users\brinson\Documents\Visual Studio 2013\msn\main71\code\shared\gpstk\test\, petest.cpp, map, #include <map>
C:\Users\brinson\Documents\Visual Studio 2013\msn\main71\code\shared\gpstk\test\, petest.cpp, CivilTime.hpp, #include "CivilTime.hpp"
C:\Users\brinson\Documents\Visual Studio 2013\msn\main71\code\shared\gpstk\test\, petest.cpp, SP3Stream.hpp, #include "SP3Stream.hpp"
C:\Users\brinson\Documents\Visual Studio 2013\msn\main71\code\shared\gpstk\test\, petest.cpp, SP3Data.hpp, #include "SP3Data.hpp"
C:\Users\brinson\Documents\Visual Studio 2013\msn\main71\code\shared\gpstk\test\, petest.cpp, SP3Header.hpp, #include "SP3Header.hpp"
C:\Users\brinson\Documents\Visual Studio 2013\msn\main71\code\shared\gpstk\test\, petest.cpp, SP3EphemerisStore.hpp, #include "SP3EphemerisStore.hpp"
C:\Users\brinson\Documents\Visual Studio 2013\msn\main71\code\shared\gpstk\test\, RungeKuttaTest.cpp, iostream, #include <iostream>
C:\Users\brinson\Documents\Visual Studio 2013\msn\main71\code\shared\gpstk\test\, RungeKuttaTest.cpp, fstream, #include <fstream>
C:\Users\brinson\Documents\Visual Studio 2013\msn\main71\code\shared\gpstk\test\, RungeKuttaTest.cpp, iomanip, #include <iomanip>
C:\Users\brinson\Documents\Visual Studio 2013\msn\main71\code\shared\gpstk\test\, RungeKuttaTest.cpp, math.h, #include <math.h>
C:\Users\brinson\Documents\Visual Studio 2013\msn\main71\code\shared\gpstk\test\, RungeKuttaTest.cpp, RungeKutta4.hpp, #include "RungeKutta4.hpp"
C:\Users\brinson\Documents\Visual Studio 2013\msn\main71\code\shared\gpstk\test\, sp3_diff.cpp, iostream, #include <iostream>
C:\Users\brinson\Documents\Visual Studio 2013\msn\main71\code\shared\gpstk\test\, sp3_diff.cpp, string, #include <string>
C:\Users\brinson\Documents\Visual Studio 2013\msn\main71\code\shared\gpstk\test\, sp3_diff.cpp, fstream, #include <fstream>
C:\Users\brinson\Documents\Visual Studio 2013\msn\main71\code\shared\gpstk\test\, sp3_diff.cpp, CivilTime.hpp, #include "CivilTime.hpp"
C:\Users\brinson\Documents\Visual Studio 2013\msn\main71\code\shared\gpstk\test\, sp3_diff.cpp, SP3Data.hpp, #include "SP3Data.hpp"
C:\Users\brinson\Documents\Visual Studio 2013\msn\main71\code\shared\gpstk\test\, sp3_diff.cpp, SP3Header.hpp, #include "SP3Header.hpp"
C:\Users\brinson\Documents\Visual Studio 2013\msn\main71\code\shared\gpstk\test\, sp3_diff.cpp, SP3Stream.hpp, #include "SP3Stream.hpp"
C:\Users\brinson\Documents\Visual Studio 2013\msn\main71\code\shared\gpstk\test\, sp3_diff.cpp, StringUtils.hpp, #include "StringUtils.hpp"
C:\Users\brinson\Documents\Visual Studio 2013\msn\main71\code\shared\gpstk\test\, sp3_diff.cpp, MathBase.hpp, #include "MathBase.hpp"  // for ABS
C:\Users\brinson\Documents\Visual Studio 2013\msn\main71\code\shared\gpstk\test\, sp3_test.cpp, iostream, #include <iostream>
C:\Users\brinson\Documents\Visual Studio 2013\msn\main71\code\shared\gpstk\test\, sp3_test.cpp, string, #include <string>
C:\Users\brinson\Documents\Visual Studio 2013\msn\main71\code\shared\gpstk\test\, sp3_test.cpp, fstream, #include <fstream>
C:\Users\brinson\Documents\Visual Studio 2013\msn\main71\code\shared\gpstk\test\, sp3_test.cpp, CivilTime.hpp, #include "CivilTime.hpp"
C:\Users\brinson\Documents\Visual Studio 2013\msn\main71\code\shared\gpstk\test\, sp3_test.cpp, SP3Data.hpp, #include "SP3Data.hpp"
C:\Users\brinson\Documents\Visual Studio 2013\msn\main71\code\shared\gpstk\test\, sp3_test.cpp, SP3Header.hpp, #include "SP3Header.hpp"
C:\Users\brinson\Documents\Visual Studio 2013\msn\main71\code\shared\gpstk\test\, sp3_test.cpp, SP3Stream.hpp, #include "SP3Stream.hpp"
C:\Users\brinson\Documents\Visual Studio 2013\msn\main71\code\shared\gpstk\test\, sp3_test.cpp, StringUtils.hpp, #include "StringUtils.hpp"
C:\Users\brinson\Documents\Visual Studio 2013\msn\main71\code\shared\hgnsspp\, HGEphLoader.cpp, HGCatalog.hpp, #include "HGCatalog.hpp"
C:\Users\brinson\Documents\Visual Studio 2013\msn\main71\code\shared\hgnsspp\, HGEphLoader.cpp, HGEphLoader.hpp, #include "HGEphLoader.hpp"
C:\Users\brinson\Documents\Visual Studio 2013\msn\main71\code\shared\hgnsspp\, HGWriteBase.cpp, hdf5.h, #include <hdf5.h>
C:\Users\brinson\Documents\Visual Studio 2013\msn\main71\code\shared\hgnsspp\, HGWriteBase.cpp, hdf5_hl.h, #include <hdf5_hl.h>
C:\Users\brinson\Documents\Visual Studio 2013\msn\main71\code\shared\hgnsspp\, HGWriteBase.cpp, HGWriteBase.hpp, #include "HGWriteBase.hpp"
C:\Users\brinson\Documents\Visual Studio 2013\msn\main71\code\shared\pds\epocha\test\, testEPMSerializer.cpp, EPMSerializer.hpp, #include "EPMSerializer.hpp"
C:\Users\brinson\Documents\Visual Studio 2013\msn\main71\code\shared\pds\epocha\test\, testEPMSerializer.cpp, BasicFramework.hpp, #include "BasicFramework.hpp"
C:\Users\brinson\Documents\Visual Studio 2013\msn\main71\code\shared\pds\epocha\test\, testEPMSerializer.cpp, ProductsProduct.h, #include "ProductsProduct.h"
C:\Users\brinson\Documents\Visual Studio 2013\msn\main71\code\shared\sglmsn\appframe\test\, afpubtest.cpp, MSNEvent.hpp, #include "MSNEvent.hpp"
C:\Users\brinson\Documents\Visual Studio 2013\msn\main71\code\shared\sglmsn\appframe\test\, afpubtest.cpp, WeatherData.hpp, #include "WeatherData.hpp"
C:\Users\brinson\Documents\Visual Studio 2013\msn\main71\code\shared\sglmsn\appframe\test\, afpubtest.cpp, ClockData.hpp, #include "ClockData.hpp"
C:\Users\brinson\Documents\Visual Studio 2013\msn\main71\code\shared\sglmsn\appframe\test\, afpubtest.cpp, RxTrackingData.hpp, #include "RxTrackingData.hpp"
C:\Users\brinson\Documents\Visual Studio 2013\msn\main71\code\shared\sglmsn\appframe\test\, afpubtest.cpp, EpochData.hpp, #include "EpochData.hpp"
C:\Users\brinson\Documents\Visual Studio 2013\msn\main71\code\shared\sglmsn\appframe\test\, afpubtest.cpp, SmoData.hpp, #include "SmoData.hpp"
C:\Users\brinson\Documents\Visual Studio 2013\msn\main71\code\shared\sglmsn\appframe\test\, afpubtest.cpp, AlmData.hpp, #include "AlmData.hpp"
C:\Users\brinson\Documents\Visual Studio 2013\msn\main71\code\shared\sglmsn\appframe\test\, afpubtest.cpp, EngAlmData.hpp, #include "EngAlmData.hpp"
C:\Users\brinson\Documents\Visual Studio 2013\msn\main71\code\shared\sglmsn\appframe\test\, afpubtest.cpp, EphData.hpp, #include "EphData.hpp"
C:\Users\brinson\Documents\Visual Studio 2013\msn\main71\code\shared\sglmsn\appframe\test\, afpubtest.cpp, EngEphData.hpp, #include "EngEphData.hpp"
C:\Users\brinson\Documents\Visual Studio 2013\msn\main71\code\shared\sglmsn\appframe\test\, afpubtest.cpp, mqhelp.hpp, #include "mqhelp.hpp"
C:\Users\brinson\Documents\Visual Studio 2013\msn\main71\code\shared\sglmsn\appframe\test\, afpubtest.cpp, MQFramework.hpp, #include "MQFramework.hpp"
C:\Users\brinson\Documents\Visual Studio 2013\msn\main71\code\shared\sglmsn\appframe\test\, afpubtest.cpp, PublisherFrame.hpp, #include "PublisherFrame.hpp"
C:\Users\brinson\Documents\Visual Studio 2013\msn\main71\code\shared\sglmsn\configfile\, ConfigVar.cpp, ConfigVar.hpp, #include "ConfigVar.hpp"
C:\Users\brinson\Documents\Visual Studio 2013\msn\main71\code\shared\sglmsn\datatree\, ASCIIDeserializer.cpp, stdlib.h, #include <stdlib.h>
C:\Users\brinson\Documents\Visual Studio 2013\msn\main71\code\shared\sglmsn\datatree\, ASCIIDeserializer.cpp, ASCIIDeserializer.hpp, #include "ASCIIDeserializer.hpp"
C:\Users\brinson\Documents\Visual Studio 2013\msn\main71\code\shared\sglmsn\datatree\, ASCIISerializer.cpp, iomanip, #include <iomanip>
C:\Users\brinson\Documents\Visual Studio 2013\msn\main71\code\shared\sglmsn\datatree\, ASCIISerializer.cpp, ASCIISerializer.hpp, #include "ASCIISerializer.hpp"
C:\Users\brinson\Documents\Visual Studio 2013\msn\main71\code\shared\sglmsn\datatree\, serializerMaker.cpp, Exception.hpp, #include <Exception.hpp>
C:\Users\brinson\Documents\Visual Studio 2013\msn\main71\code\shared\sglmsn\datatree\, serializerMaker.cpp, StringUtils.hpp, #include <StringUtils.hpp>
C:\Users\brinson\Documents\Visual Studio 2013\msn\main71\code\shared\sglmsn\datatree\, serializerMaker.cpp, Serializer.hpp, #include "Serializer.hpp"
C:\Users\brinson\Documents\Visual Studio 2013\msn\main71\code\shared\sglmsn\datatree\, serializerMaker.cpp, XDRSerializer.hpp, #include "XDRSerializer.hpp"
C:\Users\brinson\Documents\Visual Studio 2013\msn\main71\code\shared\sglmsn\datatree\, serializerMaker.cpp, ASCIISerializer.hpp, #include "ASCIISerializer.hpp"
C:\Users\brinson\Documents\Visual Studio 2013\msn\main71\code\shared\sglmsn\datatree\, serializerMaker.cpp, XDRDeserializer.hpp, #include "XDRDeserializer.hpp"
C:\Users\brinson\Documents\Visual Studio 2013\msn\main71\code\shared\sglmsn\datatree\, serializerMaker.cpp, ASCIIDeserializer.hpp, #include "ASCIIDeserializer.hpp"
C:\Users\brinson\Documents\Visual Studio 2013\msn\main71\code\shared\sglmsn\datatree\, serializerMaker.cpp, serializerMaker.hpp, #include "serializerMaker.hpp"
C:\Users\brinson\Documents\Visual Studio 2013\msn\main71\code\shared\sglmsn\datatree\, XDRDeserializer.cpp, stdlib.h, #include <stdlib.h>
C:\Users\brinson\Documents\Visual Studio 2013\msn\main71\code\shared\sglmsn\datatree\, XDRDeserializer.cpp, XDRDeserializer.hpp, #include "XDRDeserializer.hpp"
C:\Users\brinson\Documents\Visual Studio 2013\msn\main71\code\shared\sglmsn\datatree\, XDRSerializer.cpp, stdlib.h, #include <stdlib.h>
C:\Users\brinson\Documents\Visual Studio 2013\msn\main71\code\shared\sglmsn\datatree\, XDRSerializer.cpp, XDRSerializer.hpp, #include "XDRSerializer.hpp"
C:\Users\brinson\Documents\Visual Studio 2013\msn\main71\code\shared\sglmsn\datatree\, XDRSerializer.cpp, XDRSerializerSizer.hpp, #include "XDRSerializerSizer.hpp"
C:\Users\brinson\Documents\Visual Studio 2013\msn\main71\code\shared\sglmsn\datatree\, XDRSerializerSizer.cpp, stdlib.h, #include <stdlib.h>
C:\Users\brinson\Documents\Visual Studio 2013\msn\main71\code\shared\sglmsn\datatree\, XDRSerializerSizer.cpp, XDRSerializerSizer.hpp, #include "XDRSerializerSizer.hpp"
C:\Users\brinson\Documents\Visual Studio 2013\msn\main71\code\shared\sglmsn\datatree\test\, datatest.cpp, iomanip, #include <iomanip>
C:\Users\brinson\Documents\Visual Studio 2013\msn\main71\code\shared\sglmsn\datatree\test\, datatest.cpp, ClockData.hpp, #include "ClockData.hpp"
C:\Users\brinson\Documents\Visual Studio 2013\msn\main71\code\shared\sglmsn\datatree\test\, datatest.cpp, WeatherData.hpp, #include "WeatherData.hpp"
C:\Users\brinson\Documents\Visual Studio 2013\msn\main71\code\shared\sglmsn\datatree\test\, datatest.cpp, MSNEvent.hpp, #include "MSNEvent.hpp"
C:\Users\brinson\Documents\Visual Studio 2013\msn\main71\code\shared\sglmsn\datatree\test\, datatest.cpp, YDSTime.hpp, #include "YDSTime.hpp"
C:\Users\brinson\Documents\Visual Studio 2013\msn\main71\code\shared\sglmsn\epocha\test\, epocha_binex_test.cpp, iostream, #include <iostream>
C:\Users\brinson\Documents\Visual Studio 2013\msn\main71\code\shared\sglmsn\epocha\test\, epocha_binex_test.cpp, BinexData.hpp, #include "BinexData.hpp"
C:\Users\brinson\Documents\Visual Studio 2013\msn\main71\code\shared\sglmsn\epocha\test\, epocha_binex_test.cpp, BinexStream.hpp, #include "BinexStream.hpp"
C:\Users\brinson\Documents\Visual Studio 2013\msn\main71\code\shared\sglmsn\epocha\test\, epocha_binex_test.cpp, BasicFramework.hpp, #include "BasicFramework.hpp"
C:\Users\brinson\Documents\Visual Studio 2013\msn\main71\code\shared\sglmsn\epocha\test\, epocha_binex_test.cpp, EpochaSmoObs.hpp, #include "EpochaSmoObs.hpp"
C:\Users\brinson\Documents\Visual Studio 2013\msn\main71\code\shared\sglmsn\epocha\test\, epocha_binex_test.cpp, EpochaRawObs.hpp, #include "EpochaRawObs.hpp"
C:\Users\brinson\Documents\Visual Studio 2013\msn\main71\code\shared\sglmsn\epocha\test\, epocha_binex_test.cpp, EpochaWxObs.hpp, #include "EpochaWxObs.hpp"
C:\Users\brinson\Documents\Visual Studio 2013\msn\main71\code\shared\sglmsn\epocha\test\, epocha_binex_test.cpp, EpochaRxData.hpp, #include "EpochaRxData.hpp"
C:\Users\brinson\Documents\Visual Studio 2013\msn\main71\code\shared\sglmsn\epocha\test\, epocha_binex_test.cpp, EpochaSvData.hpp, #include "EpochaSvData.hpp"
C:\Users\brinson\Documents\Visual Studio 2013\msn\main71\code\shared\sglmsn\epocha\test\, epocha_binex_test.cpp, EpochaMsData.hpp, #include "EpochaMsData.hpp"
C:\Users\brinson\Documents\Visual Studio 2013\msn\main71\code\shared\sglmsn\epocha\test\, epocha_binex_test.cpp, EpochaPlatformObs.hpp, #include "EpochaPlatformObs.hpp"
C:\Users\brinson\Documents\Visual Studio 2013\msn\main71\code\shared\sglmsn\epocha\test\, epocha_binex_test.cpp, EpochaClkObs.hpp, #include "EpochaClkObs.hpp"
C:\Users\brinson\Documents\Visual Studio 2013\msn\main71\code\shared\sglmsn\epocha\test\, epocha_binex_test.cpp, EpochaNavmicData.hpp, #include "EpochaNavmicData.hpp"
C:\Users\brinson\Documents\Visual Studio 2013\msn\main71\code\shared\sglmsn\epqa\test\, xIODStore.cpp, cstdlib, #include <cstdlib>
C:\Users\brinson\Documents\Visual Studio 2013\msn\main71\code\shared\sglmsn\epqa\test\, xIODStore.cpp, IODStore.hpp, #include "IODStore.hpp"
C:\Users\brinson\Documents\Visual Studio 2013\msn\main71\code\shared\sglmsn\epqa\test\, xIODStore.cpp, IODIdent.hpp, #include "IODIdent.hpp"
C:\Users\brinson\Documents\Visual Studio 2013\msn\main71\code\shared\sglmsn\epqa\test\, xIODStore.cpp, CommonTime.hpp, #include "CommonTime.hpp"
C:\Users\brinson\Documents\Visual Studio 2013\msn\main71\code\shared\sglmsn\epqa\test\, xIODStore.cpp, SystemTime.hpp, #include "SystemTime.hpp"
C:\Users\brinson\Documents\Visual Studio 2013\msn\main71\code\shared\sglmsn\epqa\test\, xIODStore.cpp, TimeString.hpp, #include "TimeString.hpp"
C:\Users\brinson\Documents\Visual Studio 2013\msn\main71\code\shared\sglmsn\epqa\test\, xIODStore.cpp, YDSTime.hpp, #include "YDSTime.hpp"
C:\Users\brinson\Documents\Visual Studio 2013\msn\main71\code\shared\sglmsn\epqa\test\, xIODStore.cpp, MJD.hpp, #include "MJD.hpp"
C:\Users\brinson\Documents\Visual Studio 2013\msn\main71\code\shared\sglmsn\epqa\test\, xRetainedMsgStore.cpp, cstdlib, #include <cstdlib>
C:\Users\brinson\Documents\Visual Studio 2013\msn\main71\code\shared\sglmsn\epqa\test\, xRetainedMsgStore.cpp, Logger.hpp, #include "Logger.hpp"
C:\Users\brinson\Documents\Visual Studio 2013\msn\main71\code\shared\sglmsn\epqa\test\, xRetainedMsgStore.cpp, EpochaData.hpp, #include "EpochaData.hpp"
C:\Users\brinson\Documents\Visual Studio 2013\msn\main71\code\shared\sglmsn\epqa\test\, xRetainedMsgStore.cpp, EpochaMsData.hpp, #include "EpochaMsData.hpp"
C:\Users\brinson\Documents\Visual Studio 2013\msn\main71\code\shared\sglmsn\epqa\test\, xRetainedMsgStore.cpp, CommonTime.hpp, #include "CommonTime.hpp"
C:\Users\brinson\Documents\Visual Studio 2013\msn\main71\code\shared\sglmsn\epqa\test\, xRetainedMsgStore.cpp, SystemTime.hpp, #include "SystemTime.hpp"
C:\Users\brinson\Documents\Visual Studio 2013\msn\main71\code\shared\sglmsn\epqa\test\, xRetainedMsgStore.cpp, MJD.hpp, #include "MJD.hpp"
C:\Users\brinson\Documents\Visual Studio 2013\msn\main71\code\shared\sglmsn\epqa\test\, xRetainedMsgStore.cpp, YDSTime.hpp, #include "YDSTime.hpp"
C:\Users\brinson\Documents\Visual Studio 2013\msn\main71\code\shared\sglmsn\epqa\test\, xRetainedMsgStore.cpp, RetainedMsgStore.hpp, #include "RetainedMsgStore.hpp"
C:\Users\brinson\Documents\Visual Studio 2013\msn\main71\code\shared\sglmsn\epqa\test\, xRetainedMsgStore2.cpp, cstdlib, #include <cstdlib>
C:\Users\brinson\Documents\Visual Studio 2013\msn\main71\code\shared\sglmsn\epqa\test\, xRetainedMsgStore2.cpp, Logger.hpp, #include "Logger.hpp"
C:\Users\brinson\Documents\Visual Studio 2013\msn\main71\code\shared\sglmsn\epqa\test\, xRetainedMsgStore2.cpp, EpochaData.hpp, #include "EpochaData.hpp"
C:\Users\brinson\Documents\Visual Studio 2013\msn\main71\code\shared\sglmsn\epqa\test\, xRetainedMsgStore2.cpp, EpochaMsData.hpp, #include "EpochaMsData.hpp"
C:\Users\brinson\Documents\Visual Studio 2013\msn\main71\code\shared\sglmsn\epqa\test\, xRetainedMsgStore2.cpp, CommonTime.hpp, #include "CommonTime.hpp"
C:\Users\brinson\Documents\Visual Studio 2013\msn\main71\code\shared\sglmsn\epqa\test\, xRetainedMsgStore2.cpp, SystemTime.hpp, #include "SystemTime.hpp"
C:\Users\brinson\Documents\Visual Studio 2013\msn\main71\code\shared\sglmsn\epqa\test\, xRetainedMsgStore2.cpp, MJD.hpp, #include "MJD.hpp"
C:\Users\brinson\Documents\Visual Studio 2013\msn\main71\code\shared\sglmsn\epqa\test\, xRetainedMsgStore2.cpp, YDSTime.hpp, #include "YDSTime.hpp"
C:\Users\brinson\Documents\Visual Studio 2013\msn\main71\code\shared\sglmsn\epqa\test\, xRetainedMsgStore2.cpp, TimeSystem.hpp, #include "TimeSystem.hpp"
C:\Users\brinson\Documents\Visual Studio 2013\msn\main71\code\shared\sglmsn\epqa\test\, xRetainedMsgStore2.cpp, RetainedMsgStore.hpp, #include "RetainedMsgStore.hpp"
C:\Users\brinson\Documents\Visual Studio 2013\msn\main71\code\shared\sglmsn\filelib\, NavCorGFW.cpp, NavCorGFW.hpp, #include "NavCorGFW.hpp"
C:\Users\brinson\Documents\Visual Studio 2013\msn\main71\code\shared\sglmsn\filelib\, NavCorGFW.cpp, NavCorData.hpp, #include "NavCorData.hpp"
C:\Users\brinson\Documents\Visual Studio 2013\msn\main71\code\shared\sglmsn\filelib\, NavCorGFW.cpp, sstream, #include <sstream>
C:\Users\brinson\Documents\Visual Studio 2013\msn\main71\code\shared\sglmsn\filelib\, TPGFW.cpp, TPGFW.hpp, #include "TPGFW.hpp"
C:\Users\brinson\Documents\Visual Studio 2013\msn\main71\code\shared\sglmsn\filelib\, TPGFW.cpp, TPData.hpp, #include "TPData.hpp"
C:\Users\brinson\Documents\Visual Studio 2013\msn\main71\code\shared\sglmsn\filelib\, TPGFW.cpp, SmoEpochData.hpp, #include "SmoEpochData.hpp"
C:\Users\brinson\Documents\Visual Studio 2013\msn\main71\code\shared\sglmsn\filelib\, TPGFW.cpp, sstream, #include <sstream>
C:\Users\brinson\Documents\Visual Studio 2013\msn\main71\code\shared\sglmsn\filelib\, WriterInfo.cpp, WriterInfo.hpp, #include "WriterInfo.hpp"
C:\Users\brinson\Documents\Visual Studio 2013\msn\main71\code\shared\sglmsn\icd211\test\, humidtest.cpp, iostream, #include <iostream>
C:\Users\brinson\Documents\Visual Studio 2013\msn\main71\code\shared\sglmsn\icd211\test\, humidtest.cpp, humid2dp.hpp, #include "humid2dp.hpp"
C:\Users\brinson\Documents\Visual Studio 2013\msn\main71\code\shared\sglmsn\mqmsn\, DataSubPub.cpp, DataSubPub.hpp, #include "DataSubPub.hpp"
C:\Users\brinson\Documents\Visual Studio 2013\msn\main71\code\shared\sglmsn\mqmsn\, FailRecover.cpp, MmqPublisher.hpp, #include "MmqPublisher.hpp"
C:\Users\brinson\Documents\Visual Studio 2013\msn\main71\code\shared\sglmsn\mqmsn\, FailRecover.cpp, DataSubscription.hpp, #include "DataSubscription.hpp"
C:\Users\brinson\Documents\Visual Studio 2013\msn\main71\code\shared\sglmsn\mqmsn\, FailRecover.cpp, mqhelp.hpp, #include "mqhelp.hpp"
C:\Users\brinson\Documents\Visual Studio 2013\msn\main71\code\shared\sglmsn\mqmsn\, FailRecover.cpp, FailRecover.hpp, #include "FailRecover.hpp"
C:\Users\brinson\Documents\Visual Studio 2013\msn\main71\code\shared\sglmsn\mqmsn\, FailRecover.cpp, GPSWeekSecond.hpp, #include "GPSWeekSecond.hpp"
C:\Users\brinson\Documents\Visual Studio 2013\msn\main71\code\shared\sglmsn\mqmsn\, FailRecover.cpp, SystemTime.hpp, #include "SystemTime.hpp"
C:\Users\brinson\Documents\Visual Studio 2013\msn\main71\code\shared\sglmsn\mqmsn\, FailRecover.cpp, TimeFrame.hpp, #include "TimeFrame.hpp"
C:\Users\brinson\Documents\Visual Studio 2013\msn\main71\code\shared\sglmsn\mqmsn\, InquireChannelResponse.cpp, InquireChannelResponse.hpp, #include "InquireChannelResponse.hpp"
C:\Users\brinson\Documents\Visual Studio 2013\msn\main71\code\shared\sglmsn\mqmsn\, InquireProcessResponse.cpp, cmqc.h, #include <cmqc.h>
C:\Users\brinson\Documents\Visual Studio 2013\msn\main71\code\shared\sglmsn\mqmsn\, InquireProcessResponse.cpp, InquireProcessResponse.hpp, #include "InquireProcessResponse.hpp"
C:\Users\brinson\Documents\Visual Studio 2013\msn\main71\code\shared\sglmsn\mqmsn\, InquirePubSubResponse.cpp, cmqc.h, #include <cmqc.h>
C:\Users\brinson\Documents\Visual Studio 2013\msn\main71\code\shared\sglmsn\mqmsn\, InquirePubSubResponse.cpp, cmqcfc.h, #include <cmqcfc.h>
C:\Users\brinson\Documents\Visual Studio 2013\msn\main71\code\shared\sglmsn\mqmsn\, InquirePubSubResponse.cpp, StringUtils.hpp, #include <StringUtils.hpp>
C:\Users\brinson\Documents\Visual Studio 2013\msn\main71\code\shared\sglmsn\mqmsn\, InquirePubSubResponse.cpp, InquirePubSubResponse.hpp, #include "InquirePubSubResponse.hpp"
C:\Users\brinson\Documents\Visual Studio 2013\msn\main71\code\shared\sglmsn\mqmsn\, InquirePubSubResponse.cpp, regopts.cpp, #include "regopts.cpp"
C:\Users\brinson\Documents\Visual Studio 2013\msn\main71\code\shared\sglmsn\mqmsn\, InquireQueueManagerResponse.cpp, cmqc.h, #include <cmqc.h>
C:\Users\brinson\Documents\Visual Studio 2013\msn\main71\code\shared\sglmsn\mqmsn\, InquireQueueManagerResponse.cpp, StringUtils.hpp, #include <StringUtils.hpp>
C:\Users\brinson\Documents\Visual Studio 2013\msn\main71\code\shared\sglmsn\mqmsn\, InquireQueueManagerResponse.cpp, InquireQueueManagerResponse.hpp, #include "InquireQueueManagerResponse.hpp"
C:\Users\brinson\Documents\Visual Studio 2013\msn\main71\code\shared\sglmsn\mqmsn\, InquireQueueResponse.cpp, cmqc.h, #include <cmqc.h>
C:\Users\brinson\Documents\Visual Studio 2013\msn\main71\code\shared\sglmsn\mqmsn\, InquireQueueResponse.cpp, InquireQueueResponse.hpp, #include "InquireQueueResponse.hpp"
C:\Users\brinson\Documents\Visual Studio 2013\msn\main71\code\shared\sglmsn\mqmsn\, MessagingFramework.cpp, CommonTime.hpp, #include "CommonTime.hpp"
C:\Users\brinson\Documents\Visual Studio 2013\msn\main71\code\shared\sglmsn\mqmsn\, MessagingFramework.cpp, mqhelp.hpp, #include "mqhelp.hpp"
C:\Users\brinson\Documents\Visual Studio 2013\msn\main71\code\shared\sglmsn\mqmsn\, MessagingFramework.cpp, MessagingFramework.hpp, #include "MessagingFramework.hpp"
C:\Users\brinson\Documents\Visual Studio 2013\msn\main71\code\shared\sglmsn\mqmsn\, MessagingFramework.cpp, SystemTime.hpp, #include "SystemTime.hpp"
C:\Users\brinson\Documents\Visual Studio 2013\msn\main71\code\shared\sglmsn\mqmsn\, MmqPublisher.cpp, MmqPublisher.hpp, #include "MmqPublisher.hpp"
C:\Users\brinson\Documents\Visual Studio 2013\msn\main71\code\shared\sglmsn\mqmsn\, OffsetService.cpp, Logger.hpp, #include "Logger.hpp"
C:\Users\brinson\Documents\Visual Studio 2013\msn\main71\code\shared\sglmsn\mqmsn\, OffsetService.cpp, OffsetService.hpp, #include "OffsetService.hpp"
C:\Users\brinson\Documents\Visual Studio 2013\msn\main71\code\shared\sglmsn\mqmsn\, OffsetService.cpp, DataTreeSubscription.hpp, #include "DataTreeSubscription.hpp"
C:\Users\brinson\Documents\Visual Studio 2013\msn\main71\code\shared\sglmsn\mqmsn\, OffsetService.cpp, GPSWeekSecond.hpp, #include "GPSWeekSecond.hpp"
C:\Users\brinson\Documents\Visual Studio 2013\msn\main71\code\shared\sglmsn\mqmsn\, PCF.cpp, Slog.hpp, #include "Slog.hpp"
C:\Users\brinson\Documents\Visual Studio 2013\msn\main71\code\shared\sglmsn\mqmsn\, PCF.cpp, StringUtils.hpp, #include <StringUtils.hpp>
C:\Users\brinson\Documents\Visual Studio 2013\msn\main71\code\shared\sglmsn\mqmsn\, PCF.cpp, PCF.hpp, #include "PCF.hpp"
C:\Users\brinson\Documents\Visual Studio 2013\msn\main71\code\shared\sglmsn\mqmsn\, PCFCommand.cpp, PCF.hpp, #include "PCF.hpp"
C:\Users\brinson\Documents\Visual Studio 2013\msn\main71\code\shared\sglmsn\mqmsn\, PCFCommand.cpp, PCFCommand.hpp, #include "PCFCommand.hpp"
C:\Users\brinson\Documents\Visual Studio 2013\msn\main71\code\shared\sglmsn\mqmsn\, PCFCommand.cpp, mqhelp.hpp, #include "mqhelp.hpp"
C:\Users\brinson\Documents\Visual Studio 2013\msn\main71\code\shared\sglmsn\mqmsn\test\, mmqtest.cpp, iostream, #include <iostream>
C:\Users\brinson\Documents\Visual Studio 2013\msn\main71\code\shared\sglmsn\mqmsn\test\, mmqtest.cpp, unistd.h, #include <unistd.h>
C:\Users\brinson\Documents\Visual Studio 2013\msn\main71\code\shared\sglmsn\mqmsn\test\, mmqtest.cpp, MmqQueueManager.hpp, #include "MmqQueueManager.hpp"
C:\Users\brinson\Documents\Visual Studio 2013\msn\main71\code\shared\sglmsn\mqmsn\test\, mmqtest.cpp, MmqQueue.hpp, #include "MmqQueue.hpp"
C:\Users\brinson\Documents\Visual Studio 2013\msn\main71\code\shared\sglmsn\mqmsn\test\, mmqtest.cpp, WeatherData.hpp, #include "WeatherData.hpp"
C:\Users\brinson\Documents\Visual Studio 2013\msn\main71\code\shared\sglmsn\mqmsn\test\, mmqtest.cpp, imqi.hpp, #include <imqi.hpp>
C:\Users\brinson\Documents\Visual Studio 2013\msn\main71\code\shared\sglmsn\mqmsn\test\, pcftest.cpp, MmqQueueManager.hpp, #include "MmqQueueManager.hpp"
C:\Users\brinson\Documents\Visual Studio 2013\msn\main71\code\shared\sglmsn\mqmsn\test\, pcftest.cpp, PCFCommand.hpp, #include "PCFCommand.hpp"
C:\Users\brinson\Documents\Visual Studio 2013\msn\main71\code\shared\sglmsn\mqmsn\test\, pubtest.cpp, unistd.h, #include <unistd.h>
C:\Users\brinson\Documents\Visual Studio 2013\msn\main71\code\shared\sglmsn\mqmsn\test\, pubtest.cpp, MmqQueueManager.hpp, #include "MmqQueueManager.hpp"
C:\Users\brinson\Documents\Visual Studio 2013\msn\main71\code\shared\sglmsn\mqmsn\test\, pubtest.cpp, MmqTopic.hpp, #include "MmqTopic.hpp"
C:\Users\brinson\Documents\Visual Studio 2013\msn\main71\code\shared\sglmsn\mqmsn\test\, pubtest.cpp, WeatherData.hpp, #include "WeatherData.hpp"
C:\Users\brinson\Documents\Visual Studio 2013\msn\main71\code\shared\sglmsn\mqmsn\test\, pubtest.cpp, NavSFEpoch.hpp, #include "NavSFEpoch.hpp"
C:\Users\brinson\Documents\Visual Studio 2013\msn\main71\code\shared\sglmsn\mqmsn\test\, pubtest.cpp, EpochData.hpp, #include "EpochData.hpp"
C:\Users\brinson\Documents\Visual Studio 2013\msn\main71\code\shared\sglmsn\mqmsn\test\, pubtest.cpp, EngEphData.hpp, #include "EngEphData.hpp"
C:\Users\brinson\Documents\Visual Studio 2013\msn\main71\code\shared\sglmsn\mqmsn\test\, pubtest.cpp, SmoData.hpp, #include "SmoData.hpp"
C:\Users\brinson\Documents\Visual Studio 2013\msn\main71\code\shared\sglmsn\msnalgo\, BiasDet.cpp, GPSGeoid.hpp, #include <GPSGeoid.hpp>
C:\Users\brinson\Documents\Visual Studio 2013\msn\main71\code\shared\sglmsn\msnalgo\, BiasDet.cpp, icd_200_constants.hpp, #include <icd_200_constants.hpp>
C:\Users\brinson\Documents\Visual Studio 2013\msn\main71\code\shared\sglmsn\msnalgo\, BiasDet.cpp, BiasDet.hpp, #include "BiasDet.hpp"
C:\Users\brinson\Documents\Visual Studio 2013\msn\main71\code\shared\sglmsn\msnalgo\, BiasUtils.cpp, GPSWeekZcount.hpp, #include <GPSWeekZcount.hpp>
C:\Users\brinson\Documents\Visual Studio 2013\msn\main71\code\shared\sglmsn\msnalgo\, BiasUtils.cpp, gps_constants.hpp, #include <gps_constants.hpp>
C:\Users\brinson\Documents\Visual Studio 2013\msn\main71\code\shared\sglmsn\msnalgo\, BiasUtils.cpp, BiasUtils.hpp, #include "BiasUtils.hpp"
C:\Users\brinson\Documents\Visual Studio 2013\msn\main71\code\shared\sglmsn\msnalgo\, MinSNRObsFilter.cpp, MinSNRObsFilter.hpp, #include <MinSNRObsFilter.hpp>
C:\Users\brinson\Documents\Visual Studio 2013\msn\main71\code\shared\sglmsn\msnalgo\, ObsFilter.cpp, ObsFilter.hpp, #include <ObsFilter.hpp>
C:\Users\brinson\Documents\Visual Studio 2013\msn\main71\code\shared\sglmsn\msnalgo\, RiseSetComputerHelper.cpp, RiseSetComputer.hpp, #include "RiseSetComputer.hpp"
C:\Users\brinson\Documents\Visual Studio 2013\msn\main71\code\shared\sglmsn\msnalgo\, RiseSetGenerator.cpp, gps_constants.hpp, #include <gps_constants.hpp>
C:\Users\brinson\Documents\Visual Studio 2013\msn\main71\code\shared\sglmsn\msnalgo\, RiseSetGenerator.cpp, EngAlmanac.hpp, #include <EngAlmanac.hpp>
C:\Users\brinson\Documents\Visual Studio 2013\msn\main71\code\shared\sglmsn\msnalgo\, RiseSetGenerator.cpp, StringUtils.hpp, #include <StringUtils.hpp>
C:\Users\brinson\Documents\Visual Studio 2013\msn\main71\code\shared\sglmsn\msnalgo\, RiseSetGenerator.cpp, RinexNavData.hpp, #include <RinexNavData.hpp>
C:\Users\brinson\Documents\Visual Studio 2013\msn\main71\code\shared\sglmsn\msnalgo\, RiseSetGenerator.cpp, RinexNavStream.hpp, #include <RinexNavStream.hpp>
C:\Users\brinson\Documents\Visual Studio 2013\msn\main71\code\shared\sglmsn\msnalgo\, RiseSetGenerator.cpp, FileFilterFrame.hpp, #include <FileFilterFrame.hpp>
C:\Users\brinson\Documents\Visual Studio 2013\msn\main71\code\shared\sglmsn\msnalgo\, RiseSetGenerator.cpp, FICFilterOperators.hpp, #include <FICFilterOperators.hpp>
C:\Users\brinson\Documents\Visual Studio 2013\msn\main71\code\shared\sglmsn\msnalgo\, RiseSetGenerator.cpp, RiseSetGenerator.hpp, #include "RiseSetGenerator.hpp"
C:\Users\brinson\Documents\Visual Studio 2013\msn\main71\code\shared\sglmsn\msnalgo\, RiseSetGenerator.cpp, RiseSetComputer.hpp, #include "RiseSetComputer.hpp"
C:\Users\brinson\Documents\Visual Studio 2013\msn\main71\code\shared\sglmsn\msnalgo\, RiseSetGenerator.cpp, MSCCalculator.hpp, #include "MSCCalculator.hpp"
C:\Users\brinson\Documents\Visual Studio 2013\msn\main71\code\shared\sglmsn\msnalgo\, RiseSetGenerator.cpp, MSCData.hpp, #include "MSCData.hpp"
C:\Users\brinson\Documents\Visual Studio 2013\msn\main71\code\shared\sglmsn\msnalgo\, RiseSetGenerator.cpp, MSCStream.hpp, #include "MSCStream.hpp"
C:\Users\brinson\Documents\Visual Studio 2013\msn\main71\code\shared\sglmsn\msnalgo\, RiseSetGenerator.cpp, FICData.hpp, #include "FICData.hpp"
C:\Users\brinson\Documents\Visual Studio 2013\msn\main71\code\shared\sglmsn\msnalgo\, RiseSetGenerator.cpp, FICStream.hpp, #include "FICStream.hpp"
C:\Users\brinson\Documents\Visual Studio 2013\msn\main71\code\shared\sglmsn\msnalgo\, RiseSetGenerator.cpp, MSNFileSpec.hpp, #include "MSNFileSpec.hpp"
C:\Users\brinson\Documents\Visual Studio 2013\msn\main71\code\shared\sglmsn\msnalgo\, RiseSetGenerator.cpp, WriterInfo.hpp, #include "WriterInfo.hpp"
C:\Users\brinson\Documents\Visual Studio 2013\msn\main71\code\shared\sglmsn\msnalgo\, RiseSetGenerator.cpp, DataTreeGFWInfo.hpp, #include "DataTreeGFWInfo.hpp"
C:\Users\brinson\Documents\Visual Studio 2013\msn\main71\code\shared\sglmsn\msnalgo\, RiseSetTimesList.cpp, TimeString.hpp, #include <TimeString.hpp>
C:\Users\brinson\Documents\Visual Studio 2013\msn\main71\code\shared\sglmsn\msnalgo\, RiseSetTimesList.cpp, RiseSetTimesList.hpp, #include "RiseSetTimesList.hpp"
C:\Users\brinson\Documents\Visual Studio 2013\msn\main71\code\shared\sglmsn\msnalgo\, SmoothObsAlgo.cpp, YDSTime.hpp, #include <YDSTime.hpp>
C:\Users\brinson\Documents\Visual Studio 2013\msn\main71\code\shared\sglmsn\msnalgo\, SmoothObsAlgo.cpp, SmoothObsAlgo.hpp, #include "SmoothObsAlgo.hpp"
C:\Users\brinson\Documents\Visual Studio 2013\msn\main71\code\shared\sglmsn\msnio\test\, svodata_test.cpp, SVOData.hpp, #include "SVOData.hpp"
C:\Users\brinson\Documents\Visual Studio 2013\msn\main71\code\shared\sglmsn\msnio\test\, svodata_test.cpp, SVOStream.hpp, #include "SVOStream.hpp"
C:\Users\brinson\Documents\Visual Studio 2013\msn\main71\code\shared\sglmsn\msnio\test\, svodata_test.cpp, iostream, #include <iostream>
C:\Users\brinson\Documents\Visual Studio 2013\msn\main71\code\shared\sglmsn\msnio\test\, tp_read_write.cpp, TPStream.hpp, #include "TPStream.hpp"
C:\Users\brinson\Documents\Visual Studio 2013\msn\main71\code\shared\sglmsn\msnio\test\, tp_read_write.cpp, TPData.hpp, #include "TPData.hpp"
C:\Users\brinson\Documents\Visual Studio 2013\msn\main71\code\shared\sglmsn\msnio\test\, tp_test.cpp, TPStream.hpp, #include "TPStream.hpp"
C:\Users\brinson\Documents\Visual Studio 2013\msn\main71\code\shared\sglmsn\msnio\test\, tp_test.cpp, TPData.hpp, #include "TPData.hpp"
C:\Users\brinson\Documents\Visual Studio 2013\msn\main71\code\shared\sglmsn\msnmisc\test\, weather_model_test.cpp, iostream, #include <iostream>
C:\Users\brinson\Documents\Visual Studio 2013\msn\main71\code\shared\sglmsn\msnmisc\test\, weather_model_test.cpp, string, #include <string>
C:\Users\brinson\Documents\Visual Studio 2013\msn\main71\code\shared\sglmsn\msnmisc\test\, weather_model_test.cpp, fstream, #include <fstream>
C:\Users\brinson\Documents\Visual Studio 2013\msn\main71\code\shared\sglmsn\msnmisc\test\, weather_model_test.cpp, WeatherModel.hpp, #include "WeatherModel.hpp"
C:\Users\brinson\Documents\Visual Studio 2013\msn\main71\code\shared\sglmsn\msnmisc\test\, weather_model_test.cpp, BasicFramework.hpp, #include "BasicFramework.hpp"
C:\Users\brinson\Documents\Visual Studio 2013\msn\main71\code\shared\sglmsn\msnmisc\test\, weather_model_test.cpp, StringUtils.hpp, #include "StringUtils.hpp"
C:\Users\brinson\Documents\Visual Studio 2013\msn\main71\code\shared\sglmsn\msnmisc\test\, weather_model_test.cpp, SystemTime.hpp, #include "SystemTime.hpp"
C:\Users\brinson\Documents\Visual Studio 2013\msn\main71\code\shared\sglmsn\msnmisc\test\, weather_model_test.cpp, TimeString.hpp, #include "TimeString.hpp"
C:\Users\brinson\Documents\Visual Studio 2013\msn\main71\code\shared\sglmsn\msnmisc\test\, weather_model_test.cpp, MJD.hpp, #include "MJD.hpp"
C:\Users\brinson\Documents\Visual Studio 2013\msn\main71\code\shared\sglmsn\uitree\, PrnChunk.cpp, PrnChunk.hpp, #include "PrnChunk.hpp"
C:\Users\brinson\Documents\Visual Studio 2013\msn\main71\code\shared\sglmsn\uitree\, PrnChunk.cpp, BinUtils.hpp, #include <BinUtils.hpp>
C:\Users\brinson\Documents\Visual Studio 2013\msn\main71\code\shared\sglstd\, Friends.cpp, Thread.hpp, #include "Thread.hpp"
C:\Users\brinson\Documents\Visual Studio 2013\msn\main71\code\shared\sglstd\, Friends.cpp, Private.hpp, #include "Private.hpp"
C:\Users\brinson\Documents\Visual Studio 2013\msn\main71\code\shared\sglstd\, Friends.cpp, cstdlib, #include <cstdlib>
C:\Users\brinson\Documents\Visual Studio 2013\msn\main71\code\shared\sglstd\, Friends.cpp, sys/time.h, #include <sys/time.h>
C:\Users\brinson\Documents\Visual Studio 2013\msn\main71\code\shared\sglstd\, Logger.cpp, Logger.hpp, #include "Logger.hpp"
C:\Users\brinson\Documents\Visual Studio 2013\msn\main71\code\shared\sglstd\, Logger.cpp, exception, #include <exception>
C:\Users\brinson\Documents\Visual Studio 2013\msn\main71\code\shared\sglstd\, Logger.cpp, stdlib.h, #include <stdlib.h>
C:\Users\brinson\Documents\Visual Studio 2013\msn\main71\code\shared\sglstd\, Mutex.cpp, Thread.hpp, #include "Thread.hpp"
C:\Users\brinson\Documents\Visual Studio 2013\msn\main71\code\shared\sglstd\, Slog.cpp, Slog.hpp, #include "Slog.hpp"
C:\Users\brinson\Documents\Visual Studio 2013\msn\main71\code\shared\sglstd\, Slog.cpp, Private.hpp, #include "Private.hpp"
C:\Users\brinson\Documents\Visual Studio 2013\msn\main71\code\shared\sglstd\, Slog.cpp, syslog.h, #include <syslog.h>
C:\Users\brinson\Documents\Visual Studio 2013\msn\main71\code\shared\sglstd\, Thread.cpp, Thread.hpp, #include "Thread.hpp"
C:\Users\brinson\Documents\Visual Studio 2013\msn\main71\code\shared\sglstd\, Thread.cpp, Private.hpp, #include "Private.hpp"
C:\Users\brinson\Documents\Visual Studio 2013\msn\main71\code\shared\sglstd\, Thread.cpp, new, #include <new>
C:\Users\brinson\Documents\Visual Studio 2013\msn\main71\code\shared\sglstd\, ThreadKey.cpp, Thread.hpp, #include "Thread.hpp"
C:\Users\brinson\Documents\Visual Studio 2013\msn\main71\code\shared\sglstd\, ThreadKey.cpp, Private.hpp, #include "Private.hpp"
C:\Users\brinson\Documents\Visual Studio 2013\msn\main71\code\shared\sglstd\test\, bug1.cpp, Thread.hpp, #include "Thread.hpp"
C:\Users\brinson\Documents\Visual Studio 2013\msn\main71\code\shared\sglstd\test\, bug1.cpp, iostream, #include <iostream>
C:\Users\brinson\Documents\Visual Studio 2013\msn\main71\code\shared\sglstd\test\, bug2.cpp, Thread.hpp, #include "Thread.hpp"
C:\Users\brinson\Documents\Visual Studio 2013\msn\main71\code\shared\sglstd\test\, bug2.cpp, iostream, #include <iostream>
C:\Users\brinson\Documents\Visual Studio 2013\msn\main71\code\shared\sglstd\test\, hostnametest.cpp, whoami.hpp, #include "whoami.hpp"
C:\Users\brinson\Documents\Visual Studio 2013\msn\main71\code\shared\sglstd\test\, hostnametest.cpp, TCPUtils.hpp, #include "TCPUtils.hpp"
C:\Users\brinson\Documents\Visual Studio 2013\msn\main71\code\shared\sglstd\test\, hostnametest.cpp, iostream, #include <iostream>
C:\Users\brinson\Documents\Visual Studio 2013\msn\main71\code\shared\sglstd\test\, inetaddrtest.cpp, InetAddress.hpp, #include "InetAddress.hpp"
C:\Users\brinson\Documents\Visual Studio 2013\msn\main71\code\shared\sglstd\test\, inetaddrtest.cpp, CommandOptionWithInetAddressArg.hpp, #include "CommandOptionWithInetAddressArg.hpp"
C:\Users\brinson\Documents\Visual Studio 2013\msn\main71\code\shared\sglstd\test\, inetaddrtest.cpp, BasicFramework.hpp, #include <BasicFramework.hpp>
C:\Users\brinson\Documents\Visual Studio 2013\msn\main71\code\shared\sglstd\test\, inetaddrtest.cpp, iostream, #include <iostream>
C:\Users\brinson\Documents\Visual Studio 2013\msn\main71\code\shared\sglstd\test\, ipcQueueTest.cpp, iostream, #include <iostream>
C:\Users\brinson\Documents\Visual Studio 2013\msn\main71\code\shared\sglstd\test\, ipcQueueTest.cpp, StringUtils.hpp, #include <StringUtils.hpp>
C:\Users\brinson\Documents\Visual Studio 2013\msn\main71\code\shared\sglstd\test\, ipcQueueTest.cpp, Thread.hpp, #include "Thread.hpp"
C:\Users\brinson\Documents\Visual Studio 2013\msn\main71\code\shared\sglstd\test\, ipcQueueTest.cpp, IPCQueue.hpp, #include "IPCQueue.hpp"
C:\Users\brinson\Documents\Visual Studio 2013\msn\main71\code\shared\sglstd\test\, LoggerTest.cpp, Logger.hpp, #include "Logger.hpp"
C:\Users\brinson\Documents\Visual Studio 2013\msn\main71\code\shared\sglstd\test\, sockettest.cpp, UDPSocket.hpp, #include "UDPSocket.hpp"
C:\Users\brinson\Documents\Visual Studio 2013\msn\main71\code\shared\sglstd\test\, sockettest.cpp, Throttle.hpp, #include "Throttle.hpp"
C:\Users\brinson\Documents\Visual Studio 2013\msn\main71\code\shared\sglstd\test\, sockettest.cpp, HRTimer.hpp, #include "HRTimer.hpp"
C:\Users\brinson\Documents\Visual Studio 2013\msn\main71\code\shared\sglstd\test\, sockettest.cpp, iostream, #include <iostream>
C:\Users\brinson\Documents\Visual Studio 2013\msn\main71\code\shared\sglstd\test\, sockettest.cpp, sys/types.h, #include <sys/types.h>
C:\Users\brinson\Documents\Visual Studio 2013\msn\main71\code\shared\sglstd\test\, sockettest.cpp, unistd.h, #include <unistd.h>
C:\Users\brinson\Documents\Visual Studio 2013\msn\main71\code\shared\sglstd\test\, thread1.cpp, Thread.hpp, #include "Thread.hpp"
C:\Users\brinson\Documents\Visual Studio 2013\msn\main71\code\shared\sglstd\test\, thread1.cpp, cstdio, #include <cstdio>
C:\Users\brinson\Documents\Visual Studio 2013\msn\main71\code\shared\sglstd\test\, thread1.cpp, iostream, #include <iostream>
C:\Users\brinson\Documents\Visual Studio 2013\msn\main71\code\shared\viterbi\, ViterbiDecoder.cpp, stdio.h, #include <stdio.h> // for debugging
C:\Users\brinson\Documents\Visual Studio 2013\msn\main71\code\shared\viterbi\, ViterbiDecoder.cpp, assert.h, #include <assert.h>
C:\Users\brinson\Documents\Visual Studio 2013\msn\main71\code\shared\viterbi\, ViterbiDecoder.cpp, ViterbiDecoder.hpp, #include "ViterbiDecoder.hpp"
C:\Users\brinson\Documents\Visual Studio 2013\msn\main71\code\shared\viterbi\, ViterbiDecoder.cpp, limits, #include <limits>
C:\Users\brinson\Documents\Visual Studio 2013\msn\main71\code\shared\viterbi\test\, ViterbiDecoderTest.cpp, stdio.h, #include <stdio.h>
C:\Users\brinson\Documents\Visual Studio 2013\msn\main71\code\shared\viterbi\test\, ViterbiDecoderTest.cpp, string.h, #include <string.h>
C:\Users\brinson\Documents\Visual Studio 2013\msn\main71\code\shared\viterbi\test\, ViterbiDecoderTest.cpp, map, #include <map>
C:\Users\brinson\Documents\Visual Studio 2013\msn\main71\code\shared\viterbi\test\, ViterbiDecoderTest.cpp, ViterbiDecoder.hpp, #include "ViterbiDecoder.hpp"
C:\Users\brinson\Documents\Visual Studio 2013\msn\main71\code\211\, PhaseMeasurement.hpp, deque, #include <deque>
C:\Users\brinson\Documents\Visual Studio 2013\msn\main71\code\211\, PhaseMeasurement.hpp, EpochData.hpp, #include "EpochData.hpp"
C:\Users\brinson\Documents\Visual Studio 2013\msn\main71\code\shared\pds\archive\test\, EPDbTest.hpp, EPDbArchive.hpp, #include "EPDbArchive.hpp"
C:\Users\brinson\Documents\Visual Studio 2013\msn\main71\code\shared\pds\archive\test\, EPDbTest.hpp, SystemTime.hpp, #include "SystemTime.hpp"
C:\Users\brinson\Documents\Visual Studio 2013\msn\main71\code\shared\pds\archive\test\, EPDbTest.hpp, stdlib.h, #include <stdlib.h>  /// For rand()
